ulb,district,type,basis,sewage_mld,installed_stp_mld,utilised_stp_mld,gap_mld,calculated_gap,utilisation_pct,treatment_coverage_pct
Ahmedabad Municipal Corporation,Ahmedabad,MC,Calculated as per 80% of Water Supply,1280.0,1445.0,1240.0,40.0,40.0,85.81,96.88
Amod,Bharuch,RCM,Calculated as per 80% of Water Supply,1.67,3.1,0.0,1.67,1.67,0.0,0.0
Amreli,Amreli,RCM,Calculated as per 80% of Water Supply,18.46,26.2,8.5,9.96,9.96,32.44,46.05
Anand,Anand,New MC,Calculated as per 80% of Water Supply,16.08,53.0,14.5,1.58,1.5799999999999983,27.36,90.17
Anjar,Kutch,RCM,Calculated as per 80% of Water Supply,40.31,30.0,25.0,15.31,15.310000000000002,83.33,62.02
Anklav,Anand,RCM,Calculated as per 80% of Water Supply,3.4,3.6,3.4,0.0,0.0,94.44,100.0
Ankleswar,Bharuch,RCM,Calculated as per 80% of Water Supply,8.0,14.0,0.0,8.0,8.0,0.0,0.0
BARVALA,Anand,RCM,Calculated as per 80% of Water Supply,1.33,2.9,0.0,1.33,1.33,0.0,0.0
Babara,Amreli,RCM,Calculated as per 80% of Water Supply,2.44,4.0,1.5,0.94,0.94,37.5,61.48
Bagsara,Amreli,RCM,Calculated as per 80% of Water Supply,3.65,5.9,0.0,3.65,3.65,0.0,0.0
BalasInor,Mahisagar,RCM,Calculated as per 80% of Water Supply,3.79,6.5,0.0,3.79,3.79,0.0,0.0
Bantwa,Junagadh,RCM,Calculated as per 80% of Water Supply,1.7,2.6,1.7,0.0,0.0,65.38,100.0
Bardoli,Surat,RCM,Calculated as per 80% of Water Supply,8.39,11.3,0.0,8.39,8.39,0.0,0.0
Bareja,Ahmedabad,RCM,Calculated as per 80% of Water Supply,2.48,3.1,1.5,0.98,0.98,48.39,60.48
Barvada,Botad,RCM,Calculated as per 80% of Water Supply,1.33,2.9,0.0,1.33,1.33,0.0,0.0
Bavla,Ahmedabad,RCM,Calculated as per 80% of Water Supply,8.09,19.8,2.75,5.34,5.34,13.89,33.99
Bayad,Aravalli,RCM,Calculated as per 80% of Water Supply,2.1,5.07,0.0,2.1,2.1,0.0,0.0
Bhabhar,Banaskantha,RCM,Calculated as per 80% of Water Supply,2.02,3.5,0.0,2.02,2.02,0.0,0.0
Bhachau,Kutch,RCM,Calculated as per 80% of Water Supply,5.35,5.5,1.0,4.35,4.35,18.18,18.69
Bhanvad,Devbhumi Dwarka,RCM,Calculated as per 80% of Water Supply,2.3,3.0,0.0,2.3,2.3,0.0,0.0
Bharuch,Bharuch,RCM,Calculated as per 80% of Water Supply,34.72,29.3,0.0,34.72,34.72,0.0,0.0
Bhavnagar Municipal Corporation,Bhavnagar,MC,Calculated as per 80% of Water Supply,100.0,144.2,75.0,25.0,25.0,52.01,75.0
Bhayavadar,Rajkot,RCM,Calculated as per 80% of Water Supply,2.04,3.1,0.0,2.04,2.04,0.0,0.0
Bhuj,Kutch,RCM,Calculated as per 80% of Water Supply,30.84,23.7,2.4,28.44,28.44,10.13,7.78
Bilimora,Navsari,RCM,Calculated as per 80% of Water Supply,7.71,8.3,1.0,6.71,6.71,12.05,12.97
Boriyavi,Anand,RCM,Calculated as per 80% of Water Supply,2.28,3.3,0.0,2.28,2.28,0.0,0.0
Borsad,Anand,RCM,Calculated as per 80% of Water Supply,9.63,9.8,4.8,4.83,4.830000000000001,48.98,49.84
Botad,Botad,RCM,Calculated as per 80% of Water Supply,14.0,32.0,14.0,0.0,0.0,43.75,100.0
Chaklasi,Kheda,RCM,Calculated as per 80% of Water Supply,4.19,4.9,0.0,4.19,4.19,0.0,0.0
Chalala,Amreli,RCM,Calculated as per 80% of Water Supply,1.98,2.8,0.9,1.08,1.08,32.14,45.45
Chansma,Patan,RCM,Calculated as per 80% of Water Supply,3.1,2.5,0.0,3.1,3.1,0.0,0.0
Chhotaudepur,Chhotaudepur,RCM,Calculated as per 80% of Water Supply,4.83,5.0,1.5,3.33,3.33,30.0,31.06
Chorvad,Junagadh,RCM,Calculated as per 80% of Water Supply,1.66,3.7,1.5,0.16,0.15999999999999992,40.54,90.36
Chotila,Surendranagar,RCM,Calculated as per 80% of Water Supply,3.78,4.0,0.0,3.78,3.78,0.0,0.0
Dabhoi,Vadodara,RCM,Calculated as per 80% of Water Supply,6.02,8.96,0.0,6.02,6.02,0.0,0.0
Dahegam,Gandhinagar,RCM,Calculated as per 80% of Water Supply,7.0,7.6,7.0,0.0,0.0,92.11,100.0
Dahod,Dahod,RCM,Calculated as per 80% of Water Supply,13.25,13.7,6.0,7.25,7.25,43.8,45.28
Dakor,Kheda,RCM,Calculated as per 80% of Water Supply,5.19,4.9,0.0,5.19,5.19,0.0,0.0
Damnagar,Amreli,RCM,Calculated as per 80% of Water Supply,1.92,2.8,0.0,1.92,1.92,0.0,0.0
Deesa,Banaskantha,RCM,Calculated as per 80% of Water Supply,21.96,18.37,7.0,14.96,14.96,38.11,31.88
Devgadh bariya,Dahod,RCM,Calculated as per 80% of Water Supply,3.8,3.8,3.8,0.0,0.0,100.0,100.0
Dhandhuka,Ahmedabad,RCM,Calculated as per 80% of Water Supply,3.58,7.5,3.5,0.08,0.08000000000000007,46.67,97.77
Dhanera,Banaskantha,RCM,Calculated as per 80% of Water Supply,2.97,4.0,0.0,2.97,2.97,0.0,0.0
Dharampur,Valsad,RCM,Calculated as per 80% of Water Supply,3.28,4.1,0.0,3.28,3.28,0.0,0.0
Dhari,Amreli,RCM,Calculated as per 80% of Water Supply,,0.0,,,,,
Dholka,Ahmedabad,RCM,Calculated as per 80% of Water Supply,10.0,13.6,10.0,0.0,0.0,73.53,100.0
Dhoraji,Rajkot,RCM,Calculated as per 80% of Water Supply,6.82,12.9,0.0,6.82,6.82,0.0,0.0
Dhrangadhra,Surendranagar,RCM,Calculated as per 80% of Water Supply,8.41,11.6,8.41,0.0,0.0,72.5,100.0
Dhrol,Jamnagar,RCM,Calculated as per 80% of Water Supply,3.15,5.3,0.0,3.15,3.15,0.0,0.0
Dwarka,Devbhumi Dwarka,RCM,Calculated as per 80% of Water Supply,2.79,7.4,2.28,0.51,0.5100000000000002,30.81,81.72
Gadhada,Botad,RCM,Calculated as per 80% of Water Supply,3.08,6.3,0.0,3.08,3.08,0.0,0.0
Gandevi,Navsari,RCM,Calculated as per 80% of Water Supply,1.76,2.6,0.0,1.76,1.76,0.0,0.0
Gandhidham,Kutch,New MC,Calculated as per 80% of Water Supply,40.31,30.0,25.0,15.31,15.310000000000002,83.33,62.02
Gandhinagar Municipal Corporation,Gandhinagar,MC,Calculated as per 80% of Water Supply,75.0,193.0,53.0,22.0,22.0,27.46,70.67
Gariyadhar,Bhavnagar,RCM,Calculated as per 80% of Water Supply,2.46,7.1,0.0,2.46,2.46,0.0,0.0
Godhra,Panchmahal,RCM,Calculated as per 80% of Water Supply,18.17,27.6,6.5,11.67,11.670000000000002,23.55,35.77
Gondal,Rajkot,RCM,Calculated as per 80% of Water Supply,13.69,16.5,0.0,13.69,13.69,0.0,0.0
Halol,Panchmahal,RCM,Calculated as per 80% of Water Supply,10.15,12.35,0.0,10.15,10.15,0.0,0.0
Halvad,Morbi,RCM,Calculated as per 80% of Water Supply,4.47,6.7,0.0,4.47,4.47,0.0,0.0
Harij,Patan,RCM,Calculated as per 80% of Water Supply,2.18,3.0,0.0,2.18,2.18,0.0,0.0
Himmatnagar,Sabarkantha,RCM,Calculated as per 80% of Water Supply,11.4,17.51,7.0,4.4,4.4,39.98,61.4
Idar,Sabarkantha,RCM,Calculated as per 80% of Water Supply,4.0,7.4,4.0,0.0,0.0,54.05,100.0
Jafrabad,Amreli,RCM,Calculated as per 80% of Water Supply,2.53,5.4,0.0,2.53,2.53,0.0,0.0
Jambusar,Bharuch,RCM,Calculated as per 80% of Water Supply,4.17,5.9,0.0,4.17,4.17,0.0,0.0
Jamjodhpur,Jamnagar,RCM,Calculated as per 80% of Water Supply,3.36,3.6,0.0,3.36,3.36,0.0,0.0
Jamnagar Municipal Corporation,Jamnagar,MC,Calculated as per 80% of Water Supply,80.0,120.0,70.0,10.0,10.0,58.33,87.5
Jamraval,Devbhumi Dwarka,RCM,Calculated as per 80% of Water Supply,1.87,2.6,0.0,1.87,1.87,0.0,0.0
Jasdan,Rajkot,RCM,Calculated as per 80% of Water Supply,4.96,8.8,4.2,0.76,0.7599999999999998,47.73,84.68
Jetpur,Rajkot,RCM,Calculated as per 80% of Water Supply,7.85,23.5,6.0,1.85,1.8499999999999996,25.53,76.43
Junagadh Municipal Corporation,Junagadh,MC,Calculated as per 80% of Water Supply,40.9,8.2,8.2,32.7,32.7,100.0,20.05
Kaalol,Panchmahal,RCM,Calculated as per 80% of Water Supply,3.66,4.8,1.5,2.16,2.16,31.25,40.98
Kadi,Mahesana,RCM,Calculated as per 80% of Water Supply,13.42,12.8,12.8,0.62,0.6199999999999992,100.0,95.38
Kadodara,Surat,RCM,Calculated as per 80% of Water Supply,4.43,0.0,0.0,4.43,4.43,,0.0
Kalavad,Jamnagar,RCM,Calculated as per 80% of Water Supply,2.07,4.5,1.5,0.57,0.5699999999999998,33.33,72.46
Kalol,Gandhinagar,RCM,Calculated as per 80% of Water Supply,16.51,33.1,0.0,16.51,16.51,0.0,0.0
Kanjari,Kheda,RCM,Calculated as per 80% of Water Supply,3.3,3.3,3.3,0.0,0.0,100.0,100.0
Kapadvanj,Kheda,RCM,Calculated as per 80% of Water Supply,5.43,6.2,3.5,1.93,1.9299999999999997,56.45,64.46
Karamsad,Anand,RCM,Calculated as per 80% of Water Supply,4.4,7.0,0.0,4.4,4.4,0.0,0.0
Karjan,Vadodara,RCM,Calculated as per 80% of Water Supply,5.2,5.2,5.2,0.0,0.0,100.0,100.0
Kathlal,Kheda,RCM,Calculated as per 80% of Water Supply,3.15,4.5,0.0,3.15,3.15,0.0,0.0
Keshod,Junagadh,RCM,Calculated as per 80% of Water Supply,7.79,13.3,0.0,7.79,7.79,0.0,0.0
Khambhaliya,Devbhumi Dwarka,RCM,Calculated as per 80% of Water Supply,4.62,5.5,0.0,4.62,4.62,0.0,0.0
Khambhat,Devbhumi Dwarka,RCM,Calculated as per 80% of Water Supply,8.82,11.3,0.0,8.82,8.82,0.0,0.0
Kheda,Kheda,RCM,Calculated as per 80% of Water Supply,5.2,5.2,5.2,0.0,0.0,100.0,100.0
Khedbramha,Sabarkantha,RCM,Calculated as per 80% of Water Supply,4.23,5.8,2.0,2.23,2.2300000000000004,34.48,47.28
Kheralu,Mahesana,RCM,Calculated as per 80% of Water Supply,2.46,2.9,1.9,0.56,0.56,65.52,77.24
KodInar,Gir Somnath,RCM,Calculated as per 80% of Water Supply,3.1,5.6,0.0,3.1,3.1,0.0,0.0
Kutiyana,Porbandar,RCM,Calculated as per 80% of Water Supply,1.97,2.9,0.0,1.97,1.97,0.0,0.0
Lathi,Amreli,RCM,Calculated as per 80% of Water Supply,2.49,3.8,0.0,2.49,2.49,0.0,0.0
Limbdi,Surendranagar,RCM,Calculated as per 80% of Water Supply,5.67,7.74,0.0,5.67,5.67,0.0,0.0
Lunavada,Mahisagar,RCM,Calculated as per 80% of Water Supply,6.32,5.6,0.0,6.32,6.32,0.0,0.0
Mahemdabad,Kheda,RCM,Calculated as per 80% of Water Supply,5.6,5.6,5.6,0.0,0.0,100.0,100.0
Mahesana,Mahesana,New MC,Calculated as per 80% of Water Supply,29.88,41.64,0.0,29.88,29.88,0.0,0.0
Mahudha,Kheda,RCM,Calculated as per 80% of Water Supply,2.89,4.0,0.0,2.89,2.89,0.0,0.0
Mahuva,Bhavnagar,RCM,Calculated as per 80% of Water Supply,19.36,16.3,7.0,12.36,12.36,42.94,36.16
Maliya-Miyana,Morbi,RCM,Calculated as per 80% of Water Supply,1.3,2.5,0.0,1.3,1.3,0.0,0.0
Manavadar,Junagadh,RCM,Calculated as per 80% of Water Supply,2.21,4.9,0.0,2.21,2.21,0.0,0.0
Mandvi (Kutch),Kutch,RCM,Calculated as per 80% of Water Supply,5.76,8.5,0.0,5.76,5.76,0.0,0.0
Mandvi (Surat),Surat,RCM,Calculated as per 80% of Water Supply,2.03,3.5,0.0,2.03,2.03,0.0,0.0
Mangrol,Junagadh,RCM,Calculated as per 80% of Water Supply,6.87,13.2,0.0,6.87,6.87,0.0,0.0
Mansa,Gandhinagar,RCM,Calculated as per 80% of Water Supply,5.0,5.0,5.0,0.0,0.0,100.0,100.0
Modasa,Aravalli,RCM,Calculated as per 80% of Water Supply,8.12,12.0,0.0,8.12,8.12,0.0,0.0
Morbi,Morbi,New MC,Calculated as per 80% of Water Supply,29.44,38.1,5.0,24.44,24.44,13.12,16.98
Mundra-Baroi,Kutch,RCM,Calculated as per 80% of Water Supply,6.28,10.0,0.0,6.28,6.28,0.0,0.0
Nadiad,Kheda,New MC,Calculated as per 80% of Water Supply,32.0,51.26,20.0,12.0,12.0,39.02,62.5
Nakhatrana,Kutch,RCM,Calculated as per 80% of Water Supply,,0.0,,,,,
Navsari,Navsari,New MC,Calculated as per 80% of Water Supply,46.67,47.4,0.0,46.67,46.67,0.0,0.0
ODE,Anand,RCM,Calculated as per 80% of Water Supply,3.56,2.5,2.5,1.06,1.06,100.0,70.22
Oad,Anand,RCM,Calculated as per 80% of Water Supply,,0.0,,,,,
Okha,Devbhumi Dwarka,RCM,Calculated as per 80% of Water Supply,2.8,11.1,0.0,2.8,2.8,0.0,0.0
Padra,Vadodara,RCM,Calculated as per 80% of Water Supply,6.14,5.6,5.5,0.64,0.6399999999999997,98.21,89.58
Palanpur,Banaskantha,RCM,Calculated as per 80% of Water Supply,18.03,21.3,0.0,18.03,18.03,0.0,0.0
Palitana,Bhavnagar,RCM,Calculated as per 80% of Water Supply,5.46,10.81,0.0,5.46,5.46,0.0,0.0
Paradi,Valsad,RCM,Calculated as per 80% of Water Supply,3.36,4.6,0.0,3.36,3.36,0.0,0.0
Patadi,Surendranagar,RCM,Calculated as per 80% of Water Supply,2.31,3.4,0.0,2.31,2.31,0.0,0.0
Patan,Patan,RCM,Calculated as per 80% of Water Supply,19.3,25.0,16.0,3.3,3.3000000000000007,64.0,82.9
Petlad,Anand,RCM,Calculated as per 80% of Water Supply,16.83,10.37,6.2,10.63,10.629999999999999,59.79,36.84
Porbandar,Porbandar,New MC,Calculated as per 80% of Water Supply,24.83,44.9,5.0,19.83,19.83,11.14,20.14
Prantij,Sabarkantha,RCM,Calculated as per 80% of Water Supply,3.38,3.7,1.0,2.38,2.38,27.03,29.59
Radhanpur,Patan,RCM,Calculated as per 80% of Water Supply,2.87,6.0,0.0,2.87,2.87,0.0,0.0
Rajkot Municipal Corporation,Rajkot,MC,Calculated as per 80% of Water Supply,,56.0,,,,,
Rajpipla,Narmada,RCM,Calculated as per 80% of Water Supply,3.75,5.5,0.0,3.75,3.75,0.0,0.0
Rajula,Amreli,RCM,Calculated as per 80% of Water Supply,3.69,5.7,0.0,3.69,3.69,0.0,0.0
Ranavav,Porbandar,RCM,Calculated as per 80% of Water Supply,5.3,7.5,0.0,5.3,5.3,0.0,0.0
Rapar,Kutch,RCM,Calculated as per 80% of Water Supply,3.28,5.2,0.0,3.28,3.28,0.0,0.0
SIHOR,Anand,RCM,Calculated as per 80% of Water Supply,5.78,8.9,0.0,5.78,5.78,0.0,0.0
SWADHWAN,Anand,RCM,Calculated as per 80% of Water Supply,,12.1,,,,,
Salaya,Devbhumi Dwarka,RCM,Calculated as per 80% of Water Supply,2.36,6.2,0.0,2.36,2.36,0.0,0.0
Sanand,Ahmedabad,RCM,Calculated as per 80% of Water Supply,8.39,19.2,0.0,8.39,8.39,0.0,0.0
Santrampur,Mahisagar,RCM,Calculated as per 80% of Water Supply,2.41,2.91,1.75,0.66,0.6600000000000001,60.14,72.61
Savarkundla,Amreli,RCM,Calculated as per 80% of Water Supply,7.31,13.4,0.0,7.31,7.31,0.0,0.0
Savli,Vadodara,RCM,Calculated as per 80% of Water Supply,3.14,2.5,0.0,3.14,3.14,0.0,0.0
Shahera,Panchmahal,RCM,Calculated as per 80% of Water Supply,1.67,2.8,0.0,1.67,1.67,0.0,0.0
Shihor,Bhavnagar,RCM,Calculated as per 80% of Water Supply,5.78,8.9,0.0,5.78,5.78,0.0,0.0
Sidhpur,Patan,RCM,Calculated as per 80% of Water Supply,6.65,13.5,0.0,6.65,6.65,0.0,0.0
Sikka,Jamnagar,RCM,Calculated as per 80% of Water Supply,3.41,2.9,1.5,1.91,1.9100000000000001,51.72,43.99
Sojitra,Anand,RCM,Calculated as per 80% of Water Supply,1.44,2.5,0.0,1.44,1.44,0.0,0.0
Songadh,Tapi,RCM,Calculated as per 80% of Water Supply,4.0,4.5,0.0,4.0,4.0,0.0,0.0
Sutrapada,Gir Somnath,RCM,Calculated as per 80% of Water Supply,0.56,4.0,0.0,0.56,0.56,0.0,0.0
Talaja,Bhavnagar,RCM,Calculated as per 80% of Water Supply,2.99,5.8,0.0,2.99,2.99,0.0,0.0
Talala,Gir Somnath,RCM,Calculated as per 80% of Water Supply,2.74,3.8,0.0,2.74,2.74,0.0,0.0
Talod,Sabarkantha,RCM,Calculated as per 80% of Water Supply,1.75,3.6,0.0,1.75,1.75,0.0,0.0
Tankara,Morbi,RCM,Calculated as per 80% of Water Supply,,0.0,,,,,
Tarsadi,Surat,RCM,Calculated as per 80% of Water Supply,2.64,2.5,0.0,2.64,2.64,0.0,0.0
Thangadh,Surendranagar,RCM,Calculated as per 80% of Water Supply,3.86,9.0,0.0,3.86,3.86,0.0,0.0
Thara,Banaskantha,RCM,Calculated as per 80% of Water Supply,3.05,3.3,0.0,3.05,3.05,0.0,0.0
Tharad,Banaskantha,RCM,Calculated as per 80% of Water Supply,3.39,4.9,2.5,0.89,0.8900000000000001,51.02,73.75
Thasra,Kheda,RCM,Calculated as per 80% of Water Supply,1.46,2.3,0.0,1.46,1.46,0.0,0.0
Umargam,Valsad,RCM,Calculated as per 80% of Water Supply,4.33,6.48,0.0,4.33,4.33,0.0,0.0
Umreth,Anand,RCM,Calculated as per 80% of Water Supply,6.1,6.1,6.1,0.0,0.0,100.0,100.0
Una,Gir Somnath,RCM,Calculated as per 80% of Water Supply,8.27,11.7,8.0,0.27,0.2699999999999996,68.38,96.74
Unja,Mahesana,RCM,Calculated as per 80% of Water Supply,6.42,11.6,5.5,0.92,0.9199999999999999,47.41,85.67
Upleta,Rajkot,RCM,Calculated as per 80% of Water Supply,6.4,8.0,0.0,6.4,6.4,0.0,0.0
V.V.nagar,Anand,RCM,Calculated as per 80% of Water Supply,9.34,21.0,0.0,9.34,9.34,0.0,0.0
Vadali,Sabarkantha,RCM,Calculated as per 80% of Water Supply,1.88,3.8,0.0,1.88,1.88,0.0,0.0
Vadnagar,Mahesana,RCM,Calculated as per 80% of Water Supply,3.2,5.94,1.0,2.2,2.2,16.84,31.25
Vaghodia,Vadodara,RCM,Calculated as per 80% of Water Supply,,0.0,,,,,
Vallabhipur,Bhavnagar,RCM,Calculated as per 80% of Water Supply,0.95,2.3,0.0,0.95,0.95,0.0,0.0
Valsad,Valsad,RCM,Calculated as per 80% of Water Supply,36.39,31.2,3.0,33.39,33.39,9.62,8.24
Vankaner,Morbi,RCM,Calculated as per 80% of Water Supply,3.82,5.8,0.0,3.82,3.82,0.0,0.0
Vanthali,Junagadh,RCM,Calculated as per 80% of Water Supply,0.98,2.2,0.0,0.98,0.98,0.0,0.0
Vapi,Valsad,New MC,Calculated as per 80% of Water Supply,18.24,14.0,4.0,14.24,14.239999999999998,28.57,21.93
Veraval,Gir Somnath,RCM,Calculated as per 80% of Water Supply,19.72,33.9,0.0,19.72,19.72,0.0,0.0
Vijapur,Mahesana,RCM,Calculated as per 80% of Water Supply,3.55,4.1,2.5,1.05,1.0499999999999998,60.98,70.42
Viramgam,Ahmedabad,RCM,Calculated as per 80% of Water Supply,12.02,19.5,1.5,10.52,10.52,7.69,12.48
Visavadar,Junagadh,RCM,Calculated as per 80% of Water Supply,1.5,3.4,1.5,0.0,0.0,44.12,100.0
Visnagar,Mahesana,RCM,Calculated as per 80% of Water Supply,7.52,17.3,6.5,1.02,1.0199999999999996,37.57,86.44
Vyara,Tapi,RCM,Calculated as per 80% of Water Supply,5.6,6.5,3.5,2.1,2.0999999999999996,53.85,62.5
WADHWAN,Anand,RCM,Calculated as per 80% of Water Supply,24.27,32.3,12.0,12.27,12.27,37.15,49.44
Zalod,Dahod,RCM,Calculated as per 80% of Water Supply,4.6,4.6,4.6,0.0,0.0,100.0,100.0
